{
 "type":"minecraft:crafting_shapeless",
 "group":"tdp_cd-dyed_wool_4",
 "ingredients":[
                {
                 "tag":"colored_dyeing:wool"
                },
                {
                 "item":"minecraft:green_dye"
                },
                {
                 "tag":"colored_dyeing:wool"
                },
                {
                 "item":"minecraft:green_dye"
                },
                {
                 "tag":"colored_dyeing:wool"
                },
                {
                 "item":"minecraft:green_dye"
                },
                {
                 "tag":"colored_dyeing:wool"
                },
                {
                 "item":"minecraft:green_dye"
                }
               ],
 "result":{
           "item":"minecraft:green_wool",
           "count":4
          }
}