{
 "comment":"Datapack made by TheDiamondPlayables! Support TheDiamondPlayables at patreon.com/thediamondplayables for more awesome projects!",
 "criteria":{
             "grant":{
                      "trigger":"minecraft:tick"
                     }
            },
 "requirements":[
                 ["grant"]
                ],
 "rewards":{
            "recipes":[
                       "colored_dyeing:reset_color/glass",
                       "colored_dyeing:reset_color/glass_pane",
                       "colored_dyeing:reset_color/terracotta",
                       "colored_dyeing:change_color/bed/black",
                       "colored_dyeing:change_color/bed/blue",
                       "colored_dyeing:change_color/bed/brown",
                       "colored_dyeing:change_color/bed/cyan",
                       "colored_dyeing:change_color/bed/gray",
                       "colored_dyeing:change_color/bed/green",
                       "colored_dyeing:change_color/bed/light_blue",
                       "colored_dyeing:change_color/bed/light_gray",
                       "colored_dyeing:change_color/bed/lime",
                       "colored_dyeing:change_color/bed/magenta",
                       "colored_dyeing:change_color/bed/orange",
                       "colored_dyeing:change_color/bed/pink",
                       "colored_dyeing:change_color/bed/purple",
                       "colored_dyeing:change_color/bed/red",
                       "colored_dyeing:change_color/bed/white",
                       "colored_dyeing:change_color/bed/yellow",
                       "colored_dyeing:change_color/carpet/black",
                       "colored_dyeing:change_color/carpet/blue",
                       "colored_dyeing:change_color/carpet/brown",
                       "colored_dyeing:change_color/carpet/cyan",
                       "colored_dyeing:change_color/carpet/gray",
                       "colored_dyeing:change_color/carpet/green",
                       "colored_dyeing:change_color/carpet/light_blue",
                       "colored_dyeing:change_color/carpet/light_gray",
                       "colored_dyeing:change_color/carpet/lime",
                       "colored_dyeing:change_color/carpet/magenta",
                       "colored_dyeing:change_color/carpet/orange",
                       "colored_dyeing:change_color/carpet/pink",
                       "colored_dyeing:change_color/carpet/purple",
                       "colored_dyeing:change_color/carpet/red",
                       "colored_dyeing:change_color/carpet/white",
                       "colored_dyeing:change_color/carpet/yellow",
                       "colored_dyeing:change_color/concrete/black",
                       "colored_dyeing:change_color/concrete/blue",
                       "colored_dyeing:change_color/concrete/brown",
                       "colored_dyeing:change_color/concrete/cyan",
                       "colored_dyeing:change_color/concrete/gray",
                       "colored_dyeing:change_color/concrete/green",
                       "colored_dyeing:change_color/concrete/light_blue",
                       "colored_dyeing:change_color/concrete/light_gray",
                       "colored_dyeing:change_color/concrete/lime",
                       "colored_dyeing:change_color/concrete/magenta",
                       "colored_dyeing:change_color/concrete/orange",
                       "colored_dyeing:change_color/concrete/pink",
                       "colored_dyeing:change_color/concrete/purple",
                       "colored_dyeing:change_color/concrete/red",
                       "colored_dyeing:change_color/concrete/white",
                       "colored_dyeing:change_color/concrete/yellow",
                       "colored_dyeing:change_color/concrete_powder/black",
                       "colored_dyeing:change_color/concrete_powder/blue",
                       "colored_dyeing:change_color/concrete_powder/brown",
                       "colored_dyeing:change_color/concrete_powder/cyan",
                       "colored_dyeing:change_color/concrete_powder/gray",
                       "colored_dyeing:change_color/concrete_powder/green",
                       "colored_dyeing:change_color/concrete_powder/light_blue",
                       "colored_dyeing:change_color/concrete_powder/light_gray",
                       "colored_dyeing:change_color/concrete_powder/lime",
                       "colored_dyeing:change_color/concrete_powder/magenta",
                       "colored_dyeing:change_color/concrete_powder/orange",
                       "colored_dyeing:change_color/concrete_powder/pink",
                       "colored_dyeing:change_color/concrete_powder/purple",
                       "colored_dyeing:change_color/concrete_powder/red",
                       "colored_dyeing:change_color/concrete_powder/white",
                       "colored_dyeing:change_color/concrete_powder/yellow",
                       "colored_dyeing:change_color/glass/black",
                       "colored_dyeing:change_color/glass/blue",
                       "colored_dyeing:change_color/glass/brown",
                       "colored_dyeing:change_color/glass/cyan",
                       "colored_dyeing:change_color/glass/gray",
                       "colored_dyeing:change_color/glass/green",
                       "colored_dyeing:change_color/glass/light_blue",
                       "colored_dyeing:change_color/glass/light_gray",
                       "colored_dyeing:change_color/glass/lime",
                       "colored_dyeing:change_color/glass/magenta",
                       "colored_dyeing:change_color/glass/orange",
                       "colored_dyeing:change_color/glass/pink",
                       "colored_dyeing:change_color/glass/purple",
                       "colored_dyeing:change_color/glass/red",
                       "colored_dyeing:change_color/glass/white",
                       "colored_dyeing:change_color/glass/yellow",
                       "colored_dyeing:change_color/glass_pane/black",
                       "colored_dyeing:change_color/glass_pane/blue",
                       "colored_dyeing:change_color/glass_pane/brown",
                       "colored_dyeing:change_color/glass_pane/cyan",
                       "colored_dyeing:change_color/glass_pane/gray",
                       "colored_dyeing:change_color/glass_pane/green",
                       "colored_dyeing:change_color/glass_pane/light_blue",
                       "colored_dyeing:change_color/glass_pane/light_gray",
                       "colored_dyeing:change_color/glass_pane/lime",
                       "colored_dyeing:change_color/glass_pane/magenta",
                       "colored_dyeing:change_color/glass_pane/orange",
                       "colored_dyeing:change_color/glass_pane/pink",
                       "colored_dyeing:change_color/glass_pane/purple",
                       "colored_dyeing:change_color/glass_pane/red",
                       "colored_dyeing:change_color/glass_pane/white",
                       "colored_dyeing:change_color/glass_pane/yellow",
                       "colored_dyeing:change_color/terracotta/black",
                       "colored_dyeing:change_color/terracotta/blue",
                       "colored_dyeing:change_color/terracotta/brown",
                       "colored_dyeing:change_color/terracotta/cyan",
                       "colored_dyeing:change_color/terracotta/gray",
                       "colored_dyeing:change_color/terracotta/green",
                       "colored_dyeing:change_color/terracotta/light_blue",
                       "colored_dyeing:change_color/terracotta/light_gray",
                       "colored_dyeing:change_color/terracotta/lime",
                       "colored_dyeing:change_color/terracotta/magenta",
                       "colored_dyeing:change_color/terracotta/orange",
                       "colored_dyeing:change_color/terracotta/pink",
                       "colored_dyeing:change_color/terracotta/purple",
                       "colored_dyeing:change_color/terracotta/red",
                       "colored_dyeing:change_color/terracotta/white",
                       "colored_dyeing:change_color/terracotta/yellow",
                       "colored_dyeing:change_color/wool/1/black",
                       "colored_dyeing:change_color/wool/1/blue",
                       "colored_dyeing:change_color/wool/1/brown",
                       "colored_dyeing:change_color/wool/1/cyan",
                       "colored_dyeing:change_color/wool/1/gray",
                       "colored_dyeing:change_color/wool/1/green",
                       "colored_dyeing:change_color/wool/1/light_blue",
                       "colored_dyeing:change_color/wool/1/light_gray",
                       "colored_dyeing:change_color/wool/1/lime",
                       "colored_dyeing:change_color/wool/1/magenta",
                       "colored_dyeing:change_color/wool/1/orange",
                       "colored_dyeing:change_color/wool/1/pink",
                       "colored_dyeing:change_color/wool/1/purple",
                       "colored_dyeing:change_color/wool/1/red",
                       "colored_dyeing:change_color/wool/1/white",
                       "colored_dyeing:change_color/wool/1/yellow",
                       "colored_dyeing:change_color/wool/2/black",
                       "colored_dyeing:change_color/wool/2/blue",
                       "colored_dyeing:change_color/wool/2/brown",
                       "colored_dyeing:change_color/wool/2/cyan",
                       "colored_dyeing:change_color/wool/2/gray",
                       "colored_dyeing:change_color/wool/2/green",
                       "colored_dyeing:change_color/wool/2/light_blue",
                       "colored_dyeing:change_color/wool/2/light_gray",
                       "colored_dyeing:change_color/wool/2/lime",
                       "colored_dyeing:change_color/wool/2/magenta",
                       "colored_dyeing:change_color/wool/2/orange",
                       "colored_dyeing:change_color/wool/2/pink",
                       "colored_dyeing:change_color/wool/2/purple",
                       "colored_dyeing:change_color/wool/2/red",
                       "colored_dyeing:change_color/wool/2/white",
                       "colored_dyeing:change_color/wool/2/yellow",
                       "colored_dyeing:change_color/wool/3/black",
                       "colored_dyeing:change_color/wool/3/blue",
                       "colored_dyeing:change_color/wool/3/brown",
                       "colored_dyeing:change_color/wool/3/cyan",
                       "colored_dyeing:change_color/wool/3/gray",
                       "colored_dyeing:change_color/wool/3/green",
                       "colored_dyeing:change_color/wool/3/light_blue",
                       "colored_dyeing:change_color/wool/3/light_gray",
                       "colored_dyeing:change_color/wool/3/lime",
                       "colored_dyeing:change_color/wool/3/magenta",
                       "colored_dyeing:change_color/wool/3/orange",
                       "colored_dyeing:change_color/wool/3/pink",
                       "colored_dyeing:change_color/wool/3/purple",
                       "colored_dyeing:change_color/wool/3/red",
                       "colored_dyeing:change_color/wool/3/white",
                       "colored_dyeing:change_color/wool/3/yellow",
                       "colored_dyeing:change_color/wool/4/black",
                       "colored_dyeing:change_color/wool/4/blue",
                       "colored_dyeing:change_color/wool/4/brown",
                       "colored_dyeing:change_color/wool/4/cyan",
                       "colored_dyeing:change_color/wool/4/gray",
                       "colored_dyeing:change_color/wool/4/green",
                       "colored_dyeing:change_color/wool/4/light_blue",
                       "colored_dyeing:change_color/wool/4/light_gray",
                       "colored_dyeing:change_color/wool/4/lime",
                       "colored_dyeing:change_color/wool/4/magenta",
                       "colored_dyeing:change_color/wool/4/orange",
                       "colored_dyeing:change_color/wool/4/pink",
                       "colored_dyeing:change_color/wool/4/purple",
                       "colored_dyeing:change_color/wool/4/red",
                       "colored_dyeing:change_color/wool/4/white",
                       "colored_dyeing:change_color/wool/4/yellow"
                      ]
           }
}