{
 "type":"minecraft:crafting_shapeless",
 "group":"tdp_cd-dyed_wool_2",
 "ingredients":[
                {
                 "tag":"colored_dyeing:wool"
                },
                {
                 "item":"minecraft:lime_dye"
                },
                {
                 "tag":"colored_dyeing:wool"
                },
                {
                 "item":"minecraft:lime_dye"
                }
               ],
 "result":{
           "item":"minecraft:lime_wool",
           "count":2
          }
}